{
  "streams": 8,
  "requested_duration_s": 90.0,
  "wall_s": 90.82701041999826,
  "max_tokens": 512,
  "completion_tokens_usage": 69632,
  "prompt_tokens_usage": 130208,
  "client_wall_completion_tps": 766.6441918324822,
  "workers": [
    {
      "worker": 0,
      "requests": 17,
      "errors": 0,
      "completion_tokens_usage": 8704,
      "prompt_tokens_usage": 16276,
      "latency_s": [
        6.022603211000387,
        5.346387862999109,
        5.2396905869973125,
        5.2648668059991905,
        5.438905472001352,
        5.32280441900366,
        5.243865427000856,
        5.396178112998314,
        5.519698786993104,
        5.25279451100505,
        5.259324651997304,
        5.258449150001979,
        5.165510922000976,
        5.259517908998532,
        5.266151726995304,
        5.362470063002547,
        5.2072596619982505
      ]
    },
    {
      "worker": 1,
      "requests": 17,
      "errors": 0,
      "completion_tokens_usage": 8704,
      "prompt_tokens_usage": 16276,
      "latency_s": [
        6.0236636139961774,
        5.338597539004695,
        5.244798596999317,
        5.262268311998923,
        5.443898745004844,
        5.318461672002741,
        5.243801605000044,
        5.392887795998831,
        5.523959076999745,
        5.249503412000195,
        5.262057401996572,
        5.2584735860000364,
        5.1650550159974955,
        5.259604122999008,
        5.253196845995262,
        5.371856707999541,
        5.211043366995
      ]
    },
    {
      "worker": 2,
      "requests": 17,
      "errors": 0,
      "completion_tokens_usage": 8704,
      "prompt_tokens_usage": 16276,
      "latency_s": [
        6.018234835995827,
        5.341568520998408,
        5.244513826000912,
        5.263820298998326,
        5.440278089001367,
        5.3224599239983945,
        5.239073595999798,
        5.397945409997192,
        5.5235946149987285,
        5.249564316996839,
        5.263410830993962,
        5.256733381000231,
        5.1653551060007885,
        5.262059975997545,
        5.250689084001351,
        5.37525896900479,
        5.207576142995094
      ]
    },
    {
      "worker": 3,
      "requests": 17,
      "errors": 0,
      "completion_tokens_usage": 8704,
      "prompt_tokens_usage": 16276,
      "latency_s": [
        6.017580363004527,
        5.3412631419996615,
        5.244497334999323,
        5.267586631001905,
        5.436592100006237,
        5.322244365001097,
        5.244295803997375,
        5.392419987001631,
        5.523606767994352,
        5.250089093999122,
        5.261991136001598,
        5.258353496996278,
        5.162206116001471,
        5.2627347679954255,
        5.266484660001879,
        5.358264456997858,
        5.209113953002088
      ]
    },
    {
      "worker": 4,
      "requests": 17,
      "errors": 0,
      "completion_tokens_usage": 8704,
      "prompt_tokens_usage": 16276,
      "latency_s": [
        6.02077345699945,
        5.337181890994543,
        5.2446264709942625,
        5.264857658999972,
        5.439367970000603,
        5.32219203600107,
        5.244034948002081,
        5.393709486001171,
        5.523282913003641,
        5.2494725630022,
        5.261400082999899,
        5.258893642996554,
        5.16529421100131,
        5.260862992996408,
        5.264960615997552,
        5.358522046000871,
        5.210986449004849
      ]
    },
    {
      "worker": 5,
      "requests": 17,
      "errors": 0,
      "completion_tokens_usage": 8704,
      "prompt_tokens_usage": 16276,
      "latency_s": [
        6.0155539350016625,
        5.341660185004002,
        5.244165564996365,
        5.265333692994318,
        5.439352180001151,
        5.3246262390021,
        5.241372923002928,
        5.396119541997905,
        5.520353821004392,
        5.250082471000496,
        5.261651480002911,
        5.258618812003988,
        5.165337202000956,
        5.259541444000206,
        5.2662686690018745,
        5.35829150799691,
        5.211351191996073
      ]
    },
    {
      "worker": 6,
      "requests": 17,
      "errors": 0,
      "completion_tokens_usage": 8704,
      "prompt_tokens_usage": 16276,
      "latency_s": [
        6.01453436799784,
        5.341576956998324,
        5.244556077006564,
        5.264964381000027,
        5.4393687219999265,
        5.3224942199958605,
        5.248058659002709,
        5.388472740996804,
        5.524641211995913,
        5.24928337399615,
        5.26120931100013,
        5.258944680004788,
        5.165050396994047,
        5.2631332949968055,
        5.262822595002945,
        5.359600843999942,
        5.210210915996868
      ]
    },
    {
      "worker": 7,
      "requests": 17,
      "errors": 0,
      "completion_tokens_usage": 8704,
      "prompt_tokens_usage": 16276,
      "latency_s": [
        5.996756729000481,
        5.344116689993825,
        5.238641424999514,
        5.270729429001221,
        5.435408803001337,
        5.325520245998632,
        5.244200963999901,
        5.394419222997385,
        5.5198225019994425,
        5.245697443999234,
        5.270207648994983,
        5.25647842699982,
        5.15842382399569,
        5.25781808100146,
        5.265106482002011,
        5.369321614001819,
        5.20782923400111
      ]
    }
  ]
}
